[
{
    "fields": {
        "padre": null,
        "editable": false,
        "descripcion": "Genero",
        "nombre": "Genero",
        "codigo": "GEN",
        "estado": 3
    },
    "model": "core.catalogo",
    "pk": 1
},
{
    "fields": {
        "padre": null,
        "editable": false,
        "descripcion": "Estado",
        "nombre": "Estado",
        "codigo": "EST",
        "estado": 3
    },
    "model": "core.catalogo",
    "pk": 2
},
{
    "fields": {
        "padre": null,
        "editable": false,
        "descripcion": "Estado Civil",
        "nombre": "Estado Civil",
        "codigo": "EST_CIVIL",
        "estado": 3
    },
    "model": "core.catalogo",
    "pk": 3
},
{
    "fields": {
        "padre": null,
        "editable": false,
        "descripcion": "Nacionalidad",
        "nombre": "Nacionalidad",
        "codigo": "NACIONALIDAD",
        "estado": 3
    },
    "model": "core.catalogo",
    "pk": 4
},
{
    "fields": {
        "padre": null,
        "editable": false,
        "descripcion": "PROVINCIAS",
        "nombre": "PROVINCIAS",
        "codigo": "PROVINCIAS",
        "estado": 3
    },
    "model": "core.catalogo",
    "pk": 5
},
{
    "fields": {
        "padre": 5,
        "editable": false,
        "descripcion": "CANTONES",
        "nombre": "CANTONES",
        "codigo": "CANTONES",
        "estado": 3
    },
    "model": "core.catalogo",
    "pk": 6
},
{
    "fields": {
        "padre": 6,
        "editable": false,
        "descripcion": "PARROQUIAS",
        "nombre": "PARROQUIAS",
        "codigo": "PARROQUIAS",
        "estado": 3
    },
    "model": "core.catalogo",
    "pk": 7
},
{
    "fields": {
        "padre": null,
        "descripcion": "Masculino",
        "valor": "M",
        "catalogo": 1,
        "nombre": "Masculino",
        "codigo": "M",
        "estado": 3,
        "principal": false
    },
    "model": "core.item",
    "pk": 1
},
{
    "fields": {
        "padre": null,
        "descripcion": "Femenino",
        "valor": "F",
        "catalogo": 1,
        "nombre": "Femenino",
        "codigo": "F",
        "estado": 3,
        "principal": false
    },
    "model": "core.item",
    "pk": 2
},
{
    "fields": {
        "padre": null,
        "descripcion": "Activo",
        "valor": "A",
        "catalogo": 2,
        "nombre": "Activo",
        "codigo": "A",
        "estado": 3,
        "principal": false
    },
    "model": "core.item",
    "pk": 3
},
{
    "fields": {
        "padre": null,
        "descripcion": "Inactivo",
        "valor": "I",
        "catalogo": 2,
        "nombre": "Inactivo",
        "codigo": "I",
        "estado": 3,
        "principal": false
    },
    "model": "core.item",
    "pk": 4
},
{
    "fields": {
        "padre": null,
        "descripcion": "Soltero/a",
        "valor": "SOLT",
        "catalogo": 3,
        "nombre": "Soltero/a",
        "codigo": "SOLT",
        "estado": 3,
        "principal": false
    },
    "model": "core.item",
    "pk": 6
},
{
    "fields": {
        "padre": null,
        "descripcion": "Casado/a",
        "valor": "CAS",
        "catalogo": 3,
        "nombre": "Casado/a",
        "codigo": "CAS",
        "estado": 3,
        "principal": false
    },
    "model": "core.item",
    "pk": 7
},
{
    "fields": {
        "padre": null,
        "descripcion": "Union Libre",
        "valor": "UNION_LIBR",
        "catalogo": 3,
        "nombre": "Union Libre",
        "codigo": "UNION_LIBR",
        "estado": 3,
        "principal": false
    },
    "model": "core.item",
    "pk": 8
},
{
    "fields": {
        "padre": null,
        "descripcion": "Viudo/a",
        "valor": "VIU",
        "catalogo": 3,
        "nombre": "Viudo/a",
        "codigo": "VIU",
        "estado": 3,
        "principal": false
    },
    "model": "core.item",
    "pk": 9
},
{
    "fields": {
        "padre": null,
        "descripcion": "Divorciado/a",
        "valor": "DIV",
        "catalogo": 3,
        "nombre": "Divorciado/a",
        "codigo": "DIV",
        "estado": 3,
        "principal": false
    },
    "model": "core.item",
    "pk": 10
},
{
    "fields": {
        "padre": null,
        "descripcion": "Ecuador",
        "valor": "ECU",
        "catalogo": 4,
        "nombre": "Ecuador",
        "codigo": "ECU",
        "estado": 3,
        "principal": true
    },
    "model": "core.item",
    "pk": 11
},
{
    "fields": {
        "padre": null,
        "descripcion": "Espa\u00f1a",
        "valor": "ESP",
        "catalogo": 4,
        "nombre": "Espa\u00f1a",
        "codigo": "ESP",
        "estado": 3,
        "principal": false
    },
    "model": "core.item",
    "pk": 12
},
{
    "fields": {
        "padre": null,
        "descripcion": "LOJA",
        "valor": "LOJA",
        "catalogo": 5,
        "nombre": "LOJA",
        "codigo": "LOJA",
        "estado": 3,
        "principal": false
    },
    "model": "core.item",
    "pk": 13
},
{
    "fields": {
        "padre": 13,
        "descripcion": "ESPINDOLA",
        "valor": "ESPINDOLA",
        "catalogo": 6,
        "nombre": "ESPINDOLA",
        "codigo": "ESP",
        "estado": 3,
        "principal": false
    },
    "model": "core.item",
    "pk": 14
},
{
    "fields": {
        "padre": 14,
        "descripcion": "AMALUZA",
        "valor": "AMALUZA",
        "catalogo": 7,
        "nombre": "AMALUZA",
        "codigo": "AMALUZA",
        "estado": 3,
        "principal": false
    },
    "model": "core.item",
    "pk": 15
},
{
    "fields": {
        "padre": 13,
        "descripcion": "catamayo",
        "valor": "cat",
        "catalogo": 6,
        "nombre": "Catamayo",
        "codigo": "cat",
        "estado": 3,
        "principal": false
    },
    "model": "core.item",
    "pk": 16
},
{
    "fields": {
        "padre": 13,
        "descripcion": "CALVAS",
        "valor": "CALVAS",
        "catalogo": 6,
        "nombre": "CALVAS",
        "codigo": "CALVAS",
        "estado": 3,
        "principal": false
    },
    "model": "core.item",
    "pk": 17
},
{
    "fields": {
        "descripcion": "",
        "nombre": "Administrar parroquias",
        "codigo": "FUN_ID",
        "estado": true,
        "eliminada": false
    },
    "model": "core.funcion",
    "pk": 1
},
{
    "fields": {
        "orden": 3,
        "modulo": 1,
        "url": "confirmacion_list",
        "grupos": [
            [
                "Secretaria"
            ]
        ],
        "descripcion": "es para administrar ",
        "nombre": "Confirmaciones",
        "icono": "bbb",
        "estado": true
    },
    "model": "core.funcionalidad",
    "pk": 1
},
{
    "fields": {
        "orden": 4,
        "modulo": 1,
        "url": "matrimonio_list",
        "grupos": [
            [
                "Secretaria"
            ]
        ],
        "descripcion": "",
        "nombre": "Matrimonio",
        "icono": "",
        "estado": true
    },
    "model": "core.funcionalidad",
    "pk": 2
},
{
    "fields": {
        "orden": 1,
        "modulo": 1,
        "url": "bautismo_list",
        "grupos": [
            [
                "Secretaria"
            ]
        ],
        "descripcion": "",
        "nombre": "Bautismo",
        "icono": "sas",
        "estado": true
    },
    "model": "core.funcionalidad",
    "pk": 3
},
{
    "fields": {
        "orden": 2,
        "modulo": 1,
        "url": "eucaristia_list",
        "grupos": [
            [
                "Secretaria"
            ]
        ],
        "descripcion": "assa",
        "nombre": "Primera comunion",
        "icono": "sassa",
        "estado": true
    },
    "model": "core.funcionalidad",
    "pk": 4
},
{
    "fields": {
        "orden": null,
        "modulo": 3,
        "url": "provincia_list",
        "grupos": [
            [
                "Administrador"
            ]
        ],
        "descripcion": "",
        "nombre": "Provincia",
        "icono": "wqwwq",
        "estado": true
    },
    "model": "core.funcionalidad",
    "pk": 5
},
{
    "fields": {
        "orden": null,
        "modulo": 3,
        "url": "canton_list",
        "grupos": [
            [
                "Administrador"
            ]
        ],
        "descripcion": "",
        "nombre": "Canton",
        "icono": "",
        "estado": true
    },
    "model": "core.funcionalidad",
    "pk": 6
},
{
    "fields": {
        "orden": null,
        "modulo": 3,
        "url": "parroquiacivil_list",
        "grupos": [
            [
                "Administrador"
            ]
        ],
        "descripcion": "",
        "nombre": "Parroquia Civil",
        "icono": "",
        "estado": true
    },
    "model": "core.funcionalidad",
    "pk": 7
},
{
    "fields": {
        "orden": null,
        "modulo": 4,
        "url": "configuracion_inicial",
        "grupos": [
            [
                "Administrador"
            ],
            [
                "Sacerdote"
            ],
            [
                "Secretaria"
            ]
        ],
        "descripcion": "",
        "nombre": "Configuraciones Iniciales",
        "icono": "",
        "estado": true
    },
    "model": "core.funcionalidad",
    "pk": 8
},
{
    "fields": {
        "orden": null,
        "modulo": 4,
        "url": "log_list",
        "grupos": [
            [
                "Administrador"
            ]
        ],
        "descripcion": "",
        "nombre": "Logs del sistema",
        "icono": "",
        "estado": true
    },
    "model": "core.funcionalidad",
    "pk": 9
},
{
    "fields": {
        "orden": null,
        "modulo": 4,
        "url": "group_list",
        "grupos": [
            [
                "Administrador"
            ]
        ],
        "descripcion": "",
        "nombre": "Grupos y permisos",
        "icono": "",
        "estado": true
    },
    "model": "core.funcionalidad",
    "pk": 10
},
{
    "fields": {
        "orden": null,
        "modulo": 5,
        "url": "iglesia_list",
        "grupos": [
            [
                "Administrador"
            ],
            [
                "Sacerdote"
            ],
            [
                "Secretaria"
            ]
        ],
        "descripcion": "",
        "nombre": "Iglesias",
        "icono": "",
        "estado": true
    },
    "model": "core.funcionalidad",
    "pk": 11
},
{
    "fields": {
        "orden": null,
        "modulo": 5,
        "url": "libro_list",
        "grupos": [
            [
                "Administrador"
            ],
            [
                "Sacerdote"
            ],
            [
                "Secretaria"
            ]
        ],
        "descripcion": "",
        "nombre": "Libros",
        "icono": "",
        "estado": true
    },
    "model": "core.funcionalidad",
    "pk": 12
},
{
    "fields": {
        "orden": null,
        "modulo": 5,
        "url": "intencion_list",
        "grupos": [
            [
                "Administrador"
            ],
            [
                "Sacerdote"
            ],
            [
                "Secretaria"
            ]
        ],
        "descripcion": "",
        "nombre": "Intenciones",
        "icono": "",
        "estado": true
    },
    "model": "core.funcionalidad",
    "pk": 13
},
{
    "fields": {
        "orden": null,
        "modulo": 5,
        "url": "directorio_parroquias",
        "grupos": [
            [
                "Administrador"
            ],
            [
                "Sacerdote"
            ],
            [
                "Secretaria"
            ]
        ],
        "descripcion": "",
        "nombre": "Directorio de Parroquias",
        "icono": "",
        "estado": true
    },
    "model": "core.funcionalidad",
    "pk": 14
},
{
    "fields": {
        "orden": null,
        "modulo": 5,
        "url": "parroquia_list",
        "grupos": [
            [
                "Administrador"
            ],
            [
                "Sacerdote"
            ],
            [
                "Secretaria"
            ]
        ],
        "descripcion": "",
        "nombre": "Parroquia Eclesiastica",
        "icono": "",
        "estado": true
    },
    "model": "core.funcionalidad",
    "pk": 15
},
{
    "fields": {
        "orden": null,
        "modulo": 6,
        "url": "reporte_anual",
        "grupos": [
            [
                "Sacerdote"
            ],
            [
                "Secretaria"
            ]
        ],
        "descripcion": "",
        "nombre": "Reporte Anual de Sacramentos",
        "icono": "",
        "estado": true
    },
    "model": "core.funcionalidad",
    "pk": 16
},
{
    "fields": {
        "orden": null,
        "modulo": 6,
        "url": "reporte_intenciones",
        "grupos": [
            [
                "Sacerdote"
            ],
            [
                "Secretaria"
            ]
        ],
        "descripcion": "",
        "nombre": "Reporte de Intenciones",
        "icono": "",
        "estado": true
    },
    "model": "core.funcionalidad",
    "pk": 17
},
{
    "fields": {
        "orden": null,
        "modulo": 6,
        "url": "reporte_permiso",
        "grupos": [
            [
                "Sacerdote"
            ],
            [
                "Secretaria"
            ]
        ],
        "descripcion": "",
        "nombre": "Reporte de Permisos",
        "icono": "",
        "estado": true
    },
    "model": "core.funcionalidad",
    "pk": 18
},
{
    "fields": {
        "orden": null,
        "modulo": 7,
        "url": "usuario_list",
        "grupos": [
            [
                "Administrador"
            ],
            [
                "Secretaria"
            ],
            [
                "Feligres"
            ]
        ],
        "descripcion": "",
        "nombre": "Feligres",
        "icono": "",
        "estado": true
    },
    "model": "core.funcionalidad",
    "pk": 19
},
{
    "fields": {
        "orden": null,
        "modulo": 7,
        "url": "sacerdote_list",
        "grupos": [
            [
                "Administrador"
            ],
            [
                "Sacerdote"
            ],
            [
                "Secretaria"
            ]
        ],
        "descripcion": "",
        "nombre": "Sacerdote",
        "icono": "",
        "estado": true
    },
    "model": "core.funcionalidad",
    "pk": 20
},
{
    "fields": {
        "orden": null,
        "modulo": 7,
        "url": "asignar_secretaria_list",
        "grupos": [
            [
                "Administrador"
            ],
            [
                "Sacerdote"
            ],
            [
                "Secretaria"
            ]
        ],
        "descripcion": "",
        "nombre": "secretaria",
        "icono": "",
        "estado": true
    },
    "model": "core.funcionalidad",
    "pk": 21
},
{
    "fields": {
        "orden": null,
        "modulo": 7,
        "url": "administrador_list",
        "grupos": [
            [
                "Administrador"
            ],
            [
                "Sacerdote"
            ],
            [
                "Secretaria"
            ]
        ],
        "descripcion": "",
        "nombre": "Administrador",
        "icono": "",
        "estado": true
    },
    "model": "core.funcionalidad",
    "pk": 22
},
{
    "fields": {
        "tipo_parametro": 3,
        "valor": "10",
        "descripcion": "Maximo numero de elementos de una lista",
        "nombre": "Maximo numero de elementos de una lista",
        "codigo": "MAX_NUN_LISTA",
        "estado": 3
    },
    "model": "core.parametro",
    "pk": 1
},
{
    "fields": {
        "descripcion": "Sirve para administrar sacramentos",
        "nombre": "Administrar Sacramentos",
        "codigo": "adm_sacramentos",
        "estado": 3,
        "orden": 1
    },
    "model": "core.modulo",
    "pk": 1
},
{
    "fields": {
        "descripcion": "Sirve para adminsitrar las ciudades",
        "nombre": "Ciudades",
        "codigo": "CIUDDS",
        "estado": 4,
        "orden": 1
    },
    "model": "core.modulo",
    "pk": 3
},
{
    "fields": {
        "descripcion": "",
        "nombre": "Seguridad",
        "codigo": "Seguridad",
        "estado": 3,
        "orden": 1
    },
    "model": "core.modulo",
    "pk": 4
},
{
    "fields": {
        "descripcion": "Parroquia",
        "nombre": "Parroquia",
        "codigo": "Parroquia",
        "estado": 3,
        "orden": 1
    },
    "model": "core.modulo",
    "pk": 5
},
{
    "fields": {
        "descripcion": "",
        "nombre": "Reportes",
        "codigo": "REPORT",
        "estado": 3,
        "orden": null
    },
    "model": "core.modulo",
    "pk": 6
},
{
    "fields": {
        "descripcion": "",
        "nombre": "Personas",
        "codigo": "Person",
        "estado": 3,
        "orden": null
    },
    "model": "core.modulo",
    "pk": 7
}
]
